SL_No,Student Name,Student Code,Sem1 External Marks,Sem1 Assignment 1,Sem1 Assignment 2,Sem1 CT1,Sem1 CT2,Sem1 PPT,Sem2 External Marks,Sem2 Assignment 1,Sem2 Assignment 2,Sem2 CT1,Sem2 CT2,Sem2 PPT,Sem3 External Marks,Sem3 Assignment 1,Sem3 Assignment 2,Sem3 CT1,Sem3 CT2,Sem3 PPT,Sem4 External Marks,Sem4 Assignment 1,Sem4 Assignment 2,Sem4 CT1,Sem4 CT2,Sem4 PPT,Sem5 External Marks,Sem5 Assignment 1,Sem5 Assignment 2,Sem5 CT1,Sem5 CT2,Sem5 PPT,Sem6 External Marks,Sem6 Assignment 1,Sem6 Assignment 2,Sem6 CT1,Sem6 CT2,Sem6 PPT,Sem7 External Marks,Sem7 Assignment 1,Sem7 Assignment 2,Sem7 CT1,Sem7 CT2,Sem7 PPT,Sem8 External Marks,Sem8 Assignment 1,Sem8 Assignment 2,Sem8 CT1,Sem8 CT2,Sem8 PPT,PassOut Date,Placed
1,Rudra Verma,BWU/BCA/20/001,46.6,7.2,6.8,14.1,12.7,5.9,71.9,8.5,6,13.2,9.8,5.7,79.9,7.6,6.9,19.4,20,7.7,86.8,8.7,5.7,12.1,14.4,5.9,77.6,5.8,7.2,12.1,12.4,6.2,77.9,7.5,7.1,15.5,14.6,7.8,,,,,,,,,,,,,24-06-2023,Yes
2,Anika Nandi,BWU/BTD/20/001,43.6,5.2,6.6,8.2,10.4,6,47.1,5.9,3,9.2,10.5,6.3,44.3,3.7,2,9.1,8.2,4,63.3,3.4,4.8,7.7,12.1,2.6,66.2,7.1,6.1,7.1,12.9,6.6,33.5,3.1,5.4,6.8,9,1.6,39.7,3.6,5.6,5.5,8.5,3,48.1,6.3,4.4,7.5,2.2,4.5,19-05-2024,No
3,Pritam Halder,BWU/BTA/20/001,60.9,8,5.8,12,13.3,4.3,68.9,5.9,6.8,16.6,16.9,7.6,41.7,5.6,6.1,9.1,7.3,6.9,45.9,4.3,8,10.6,11,4.5,58.4,3.3,7,8.5,10.8,5.4,48.2,5.3,7.7,11.8,12.5,6,64.2,5.3,6.2,9.5,12.8,5.9,43.4,4.5,3.7,10.2,12.8,5.9,23-06-2024,Yes
4,Aryan Singh,BWU/BCC/21/001,80.2,9.1,8.2,16.6,10.4,8.2,93.8,9.1,8.3,15.6,14.9,9.2,79.6,7.1,6.8,17.5,19.5,6,80.1,5.8,9.7,16.4,13.9,7.3,74.5,5.5,6.4,14.5,14.6,7.6,76.9,7.8,8.3,10.4,16.8,7.6,,,,,,,,,,,,,15-05-2024,Yes
5,Krishna Saha,BWU/BCC/19/002,79.1,9.5,8.9,14,15.2,7.9,85.8,9.7,10,20,12.1,9.6,80.5,7,7,18.7,18,7.5,77.9,8.3,8,18,13,8.5,96.2,8,6.1,13.3,12.1,8,82.1,7.1,9.3,12.9,16.7,8.6,,,,,,,,,,,,,20-05-2022,Yes
6,Suman Chakraborty,BWU/BTD/19/002,83.6,8,10,20,16.8,8.8,70.6,10,9.9,15.6,14.8,9.2,73.8,7.8,9.3,17,20,6.9,85.7,7.6,6.8,14.8,19.3,10,68.1,4.1,6.9,15.1,14.1,6.1,76.2,9.2,6.4,11.5,16.7,7.3,77.7,8.7,6.8,14.7,12.6,7.2,73.6,8.8,5.5,16.1,19.1,6.9,18-05-2023,Yes
7,Rohit Patel,BWU/BCA/19/002,100,9.8,10,16.1,20,9.3,91.1,9.8,9.1,18.9,19.8,9.8,94.5,9.5,8,18.7,17.7,10,95.6,10,10,16.5,19.1,10,100,9.6,10,14.4,20,8.7,89.6,8.8,9.4,18.9,18.3,10,,,,,,,,,,,,,24-06-2022,Yes
8,Diya Das,BWU/BCA/21/003,78.1,8.8,8,14.2,20,8.7,57.7,4.2,7.3,9.8,11.5,5.7,86.2,9.4,9.7,12.7,19,6.5,93.9,7.5,6.7,10.7,14,8.4,72.7,8.6,7.3,15.7,16.5,6.9,71.6,6.4,9.9,16,17.9,9.6,,,,,,,,,,,,,18-05-2024,Yes
9,Arpita Chauhan,BWU/BTA/21/002,46.1,4.3,3.6,9.2,9.8,4.4,35.9,4.8,3.8,8.6,9.6,3.2,22.2,6.6,4.4,5.7,7,5.1,26.1,5.5,4.7,5.2,7.4,1.8,40.4,4.4,6,6.3,11.6,5.2,44,1.2,4.9,6.5,9.7,2.5,38.7,2,5.2,9.1,10.1,3.5,39.7,6.9,4.3,15.7,5.5,5.9,10/6/2025,No
10,Ira Kumar,BWU/BTD/19/003,60.3,5.7,6.8,13.8,9.5,5.2,41.9,6.3,6.9,11,9.7,6.8,48,4.8,4,12.8,11.7,4.3,55.5,5.2,4.3,15.2,14.3,6.8,71,7.8,5.7,8.6,8.7,5.9,55.7,6.9,3.8,16.2,15.1,4.1,52,4.2,5.1,4.4,10.3,7.6,54.3,3.9,6.4,10.7,16.2,5.9,17-06-2023,No
11,Ankita Biswas,BWU/BCC/21/003,99.2,9.7,8.4,20,16.2,9.4,97,9.2,9.1,15.9,19,7.5,82.6,9.1,8.5,18.7,20,8.5,89.3,10,8.1,20,17.9,10,99.9,10,9.9,20,20,9.4,93.6,10,8.6,11.6,16.3,9,,,,,,,,,,,,,16-05-2024,Yes
12,Sohini Ghosh,BWU/BCA/19/004,74.1,7,8.5,13,17.4,6.4,74.4,7.4,7.6,17.2,13.5,7.8,85,8.3,8.1,15.5,13,7.1,83.4,8.5,6.7,17.2,15,7.1,66.9,9,9.2,16.2,13.9,7,63.9,8.5,9.1,15.9,15.4,8.5,,,,,,,,,,,,,23-05-2022,Yes
13,Sourabh Pal,BWU/BTD/20/004,57.8,6.1,6.9,12.9,8.8,6.3,61,6.2,6.2,12.9,11.9,6,52.2,7.5,3.8,9.9,13.6,5.9,65.2,8.1,5.2,14.6,16.4,5.4,60.7,6.4,8,14.5,9.8,8.2,69.3,5.1,6.5,11.4,10.3,6.3,88.4,4.1,7,15.1,11.8,5.3,71.7,7.2,5.6,15.1,12.3,5.8,24-05-2024,Yes
14,Debjit Yadav,BWU/BTD/22/005,61.4,8.5,5.6,11,14.9,8.5,68.8,7.1,6.7,17.9,13.9,7.3,60.4,6.5,10,18.3,16.4,6.3,83.6,5.4,7.4,12.7,14.6,9,54.1,6.9,3.4,14.5,5.6,5.2,62.9,7.1,5.6,16.3,12.4,7.2,57.6,7.6,7.5,12.1,14,7.3,68.6,4.7,5.7,11.3,13.5,5.5,23-05-2026,Yes
15,Sourabh Rao,BWU/BCC/20/004,50.8,6.8,3.3,7.3,11.3,3.2,49.9,6.9,6.7,14.3,14.2,5.8,44.2,6.9,3.6,12.6,9.1,4.7,65.9,4.1,6.9,13.2,9.2,4.5,65.7,6.1,6.8,9.8,9.4,4.9,62.3,5.8,6.3,10.1,11.1,6.5,,,,,,,,,,,,,28-06-2023,Yes
16,Sanjay Biswas,BWU/BTA/22/003,45.4,5.4,5.1,10.6,12.1,2.7,47.9,4.2,5.6,7.4,8.6,4.4,58.7,4.9,4.5,13,11.4,7.1,29.2,3.1,7.2,7,6.4,2.4,52,4.8,4.1,8.6,12.1,4.6,47.3,4.8,7.1,8.8,9,5.5,55,3.5,6.3,7.8,8.8,6.1,43.5,5.8,5.5,9.9,8.4,6,26-06-2026,No
17,Pooja Chatterjee,BWU/BCA/22/005,70.8,7.7,8.2,16.3,14.5,7.3,55.8,8.2,6.3,13.3,12.1,7.4,83.5,7.8,6.9,13,18,6.6,69,8.3,9,15.2,13.2,6.9,63.9,6.5,5.4,14.7,14.6,10,82.3,8.4,6.6,15,11.4,9.9,,,,,,,,,,,,,28-06-2025,Yes
18,Aryan Chauhan,BWU/BCC/21/005,35.3,6.4,5.7,9.8,9.5,4,57.5,5.2,6.3,15.2,15.1,4.2,50.3,4.4,7.8,12,11.5,6.3,53.2,5.5,4.6,12,15.8,5.1,60.2,5.9,6.4,10.9,13.3,6.6,72.2,6.4,6.2,12.8,10.6,5.8,,,,,,,,,,,,,14-05-2024,No
19,Moumita Sen,BWU/BTD/22/006,38.2,4.6,5.9,7.8,3.2,3.8,43.2,4.2,6.8,8.8,7.8,4.7,38.7,5.6,4.1,10.2,10.5,3.6,42.2,3.3,3.6,7.6,6.2,4.4,45.9,3.6,2.9,5.2,8.4,2.7,41,6.5,3.8,13.2,9.9,6.3,69.2,4.4,3.7,10.8,10.5,3.1,50.7,5.8,8.2,13,7.3,4.7,21-06-2026,No
20,Reyansh Pal,BWU/BCA/21/006,43.6,5,4.5,5.8,6.5,3.6,41,2.1,4.2,7.4,3.6,2.8,22.4,2,3,5.7,5.7,5.2,38.8,4.5,4.8,7.9,7.7,4.1,34.3,3.4,1.7,7.1,6.4,3.5,52.2,1.5,2.1,9.4,10.5,4,,,,,,,,,,,,,23-06-2024,No
21,Abir Shah,BWU/BCA/20/007,61.3,5.3,4.6,11.3,11,4.6,72.6,6.6,6.7,14.5,13.1,7.6,70,7.5,8,13,11,8,66.9,6.3,5.5,10.7,14.9,4.1,49.3,5.1,4.2,11.2,11.2,4.4,56.2,5.2,7.2,12.9,14.5,6,,,,,,,,,,,,,26-06-2023,No
22,Ira Nair,BWU/BTA/19/004,59.8,7.6,6.6,18.7,17.4,5.7,81.5,8.2,9.2,15.6,11.8,8.6,70.5,8.5,8.5,14.1,19.6,7.7,62.5,8.2,5.8,14.7,15,6.1,76.1,8.1,6.6,15.2,14.5,7.8,72.6,9.1,5.8,12.8,13.1,6.1,79.7,5.1,5.5,16.5,13.8,6.7,71.1,7.6,7.3,15.9,12.7,6.7,11/5/2023,Yes
23,Abir Joshi,BWU/BTA/21/005,53,3.2,3.7,9.3,9.1,6.4,55.1,7.7,4.3,7,13.1,5,49.7,3.3,7.7,9.6,8,2.9,45.5,5.9,5.4,5.3,7.4,2.9,43,3.8,5.2,8.9,12.1,5,63.1,8.7,5,11.9,12.4,6.2,55.3,6.1,3.6,12.2,11.2,4.8,70.4,7.4,7.7,17,13.6,4.3,24-05-2025,No
24,Abir Biswas,BWU/BCA/22/008,83.5,6.5,7.6,13,12.5,5.6,63.2,6.1,4.4,10.4,12.4,6.3,74.6,7,6.1,14.8,18.2,6.5,63.4,7,6.7,9.9,13.7,6.6,77,5.3,8.5,9.1,10.8,7.1,68.7,7.1,6.7,12.1,13.7,6.1,,,,,,,,,,,,,14-05-2025,Yes
25,Sourabh Ghosh,BWU/BCC/22/006,40.1,5.6,6.2,5.9,6.2,4.1,34.9,3.7,2,3.4,10.5,3.9,26.3,1.6,1.5,4.9,3.2,3.7,26.2,2.7,2.4,3.5,2.2,5.4,16.7,1.8,2,4.6,3.6,1.2,30.3,1.9,3.9,6.9,5.4,2.6,,,,,,,,,,,,,14-06-2025,No
26,Saanvi Kapoor,BWU/BCC/20/007,67.3,5.3,6.5,13.9,13.4,6.9,69.3,8.8,7.2,14.6,18.8,7.7,75.3,4.9,6.9,15.6,10.9,9.1,50.6,4.3,8.9,10.6,13.6,8,69.5,4.7,8,14.7,14.5,5.2,70.4,6.2,5.9,11.4,11.9,6.3,,,,,,,,,,,,,21-05-2023,Yes
27,Rajarshi Nandi,BWU/BTD/19/007,44.8,4.8,4.8,11.4,6.1,4,55.2,7.1,3.5,15.5,12.2,5.6,49.9,4.3,4.9,11.1,11.3,4.4,56.5,5.4,6,13.7,12,5.2,38.8,5.5,6.7,7.1,1.7,5.3,55.8,5.5,4.2,1.9,12.7,2.2,54.2,5.1,4,10.5,13.1,6.6,51.7,4.6,4.8,12,15.1,5.1,25-05-2023,No
28,Sreya Ghosh,BWU/BTD/19/008,81.9,6.9,8.6,12.1,20,9.8,53.4,5.6,5,15.2,9,5.5,67.8,5.7,6.3,11.4,12.9,6.4,68.5,6,5.2,17.4,10.6,6.8,48.6,4.4,6.3,12.6,8.2,5.2,79.2,7.3,7.7,11.9,9.2,7.1,50.5,4.7,6.6,10.9,6.7,4.2,45.6,4.5,4.3,9.3,9.3,6.7,19-06-2023,Yes
29,Ayaan Chatterjee,BWU/BCC/22/008,43.5,4.4,2.9,13.9,4.3,5.6,48.4,5.1,4.6,11.4,11,6,57.8,4.3,4.4,11,8.9,4.3,52.1,7.6,4.3,11.5,9.3,5.7,66.3,3.2,6.2,13.2,15,7.7,62.1,4.2,3.9,11.3,12.2,4.3,,,,,,,,,,,,,21-06-2025,No
30,Ankita Pandey,BWU/BTA/21/006,32.5,4.6,3.9,16.6,8.7,4.1,50,5.4,4.1,14.1,8.7,5.6,49.1,5.2,5.9,12,7.6,5.4,34.8,3.3,5.5,12.1,14.7,4,33,6,2.2,7.4,6.7,6.2,48.3,5.5,3.8,9.1,4.1,3.8,22.4,4.8,4.7,4.4,5.1,3.4,38.6,3,2.9,9,7,4,16-05-2025,Yes
31,Rahul Shah,BWU/BTA/22/007,40,7.1,4.4,12.8,12.1,6.1,54,4.7,5.6,13.2,13.8,5.3,59.4,4.5,3.2,8.5,6.5,5.2,50.7,5.3,6.6,10.9,10.8,6.4,43.5,3.4,7.3,10.6,8.1,6.3,39.2,7.9,6.8,5.4,11.8,4.6,59.6,4,5.8,9.3,12.3,5.2,65.2,4.6,6.5,13.4,9.2,4.9,17-05-2026,No
32,Aryan Ghosh,BWU/BTD/20/009,80.4,6.4,8.3,20,13.2,8.9,64.9,5.4,6,12.4,7.6,7.3,64.7,5.6,9.7,8.1,9.9,7,64.2,9.4,6.1,17.7,14.6,9.9,61.7,10,5.3,12.6,17.9,5.8,53.5,5.8,5.7,8.6,11,6,63.5,4.6,6.1,10.6,15.5,4.1,45.3,6.9,6.3,11.3,12,5,22-06-2024,Yes
33,Pooja Nair,BWU/BCA/19/009,73.4,5.5,6.3,10.1,7.1,7.7,52.3,4.1,6.7,10.4,12.4,8.6,58.9,6.9,5.7,9.9,6.3,5.9,61.5,3.7,4.8,8,11.8,4.1,59.4,6.6,5.8,14.7,7.4,6.5,80.5,9.3,5.6,15.8,13.9,5.9,,,,,,,,,,,,,11/6/2022,No
34,Ayaan Pandey,BWU/BCC/21/009,68,4.4,5.9,12.2,12,6.6,78.3,10,9.1,18.3,16.3,8.1,70.1,5.6,2.6,15.5,8,7.5,66.7,6.4,5.5,10.7,13.3,6.7,59.7,6.6,6.8,12.1,14.4,6.9,75.7,5,6,13.7,11.2,5.9,,,,,,,,,,,,,11/5/2024,No
35,Subhro Biswas,BWU/BTD/20/010,72.9,7,6.7,14,11.6,7.1,69.8,6.5,5.8,13.6,15.2,5,72,5.7,5.3,12,13.8,5.8,61.7,6.7,8.6,10.9,15.5,5.4,65,8.9,5.6,10.1,8.3,5.6,76,8.1,7.2,11.4,15.5,6.3,50.8,7.8,5.7,16.1,12.3,7.1,73.9,8.7,9.1,11.8,17.5,8.1,11/5/2024,Yes
36,Ishaan Banerjee,BWU/BTA/22/008,90.6,10,9.8,20,19,7.6,69,8,6.9,15.9,18.5,8.2,79.5,9.4,8.7,20,20,8.2,78.3,9.1,8,18.7,20,10,91.2,8.9,7.6,17.2,17.9,8.1,95.8,8.2,8.6,12.4,16.2,8,84.2,9.8,9.6,16.6,19.2,8.6,100,10,10,20,18.5,7.2,11/5/2026,Yes
37,Arindam Ghosh,BWU/BTA/19/009,56.3,4.3,4.5,9.2,9.4,5.5,60.1,6.1,5.2,11.9,12.7,6.1,53,7.3,3.9,13.7,13.5,6.9,49.1,6,6.2,15.2,10.9,7.2,37.2,5,6.5,11.5,6.4,6,60.6,6.1,5,10.5,12.3,5.5,55.2,5.8,4,11.7,10.2,5.2,63.9,8.4,7,10.2,13,6.1,27-06-2023,No
38,Rahul Verma,BWU/BTA/20/010,49.9,5.5,5.7,12.1,11.8,4.2,59.6,6.4,5.7,16.8,12.5,3.2,68.5,6.5,6.6,10.1,12.8,3.1,61.9,6.3,5.5,13.6,10.6,3.6,58.9,7.7,6.7,13.1,10.7,5.5,56.8,7.1,7.6,9.3,9,5.8,69.6,6.3,5.7,14.1,13.6,6.8,57.8,5.2,5.6,10.2,11.8,4.6,10/6/2024,Yes
39,Ashok Das,BWU/BTA/20/011,64,6.2,6.3,11.2,13.6,6,64.8,4.6,3.6,10.7,9.3,5.5,62.2,6.8,5.2,14.1,10.3,4.2,53.8,4.7,5.5,15.2,11.1,4.7,64.9,4.9,7.5,7.1,6.7,6,47.8,7.1,3.2,14.4,12.8,9,70.1,7.7,6.1,13.2,10.9,6.4,58.5,5.4,4.9,5.3,10.2,5.2,14-06-2024,Yes
40,Tanmoy Bhowmik,BWU/BCC/22/010,21.2,5.2,1.5,5.6,10.1,4.3,23.6,2.8,2.7,9.7,5.6,1.4,43.6,3.3,4.5,7.2,4,3.4,17.5,1.1,2.7,5,1.2,1.2,30,2.7,0,8.5,9.7,4.5,32.3,1.9,2.9,2.6,5.7,1,,,,,,,,,,,,,12/6/2025,No
41,Rudra Verma,BWU/BCA/19/010,60.9,6.5,6.8,6.4,10,6.3,66.8,7.8,6,12.7,11.2,5.7,48,5,4.5,10.5,5.9,5.7,60.3,5.1,5.1,13.8,11,8.1,46.2,3.5,3.9,7.7,8.4,5.8,53.7,3.2,4.4,13.1,10.9,5.2,,,,,,,,,,,,,17-05-2022,No
42,Rohit Rao,BWU/BCC/20/011,59.3,7,9.3,11,14.5,7.6,74.7,7.9,5.6,18,9.3,6.2,62,8,6.3,11.8,10,7.1,67,4.6,5.7,13.2,13.7,6.7,73.1,5.6,7.3,11.3,11,7,75.2,8,6.4,13.2,8.8,5.7,,,,,,,,,,,,,13-06-2023,No
43,Priya Adhikari,BWU/BTD/22/011,76.3,8.4,8.3,14.6,17.6,5.9,46.1,4.4,3.7,7.6,12.3,3.3,54.4,5.3,5.4,13.8,11.5,3.2,44,5.9,6.4,11,12.2,4.9,75.1,6.2,5.7,15.5,15.6,6.9,79.2,6.5,8.5,17.7,13.3,6.6,88.1,8.3,7,16.3,12.5,9.1,61.7,7.3,8.8,10.9,20,9,12/6/2026,No
44,Navya Chauhan,BWU/BCA/21/011,33.4,3.5,3.2,8.7,8.2,3.9,62.4,4.8,5.6,12.5,8.7,8.4,51.2,6.5,5.9,12.2,12.7,7.1,58.5,4.7,5.9,10.6,8.5,3.9,49.4,4.3,4.1,7,13.1,5.1,55.8,5.1,5,8.8,6,6.4,,,,,,,,,,,,,25-05-2024,Yes
45,Ashok Das,BWU/BTD/19/012,65.3,5.5,4.8,12.3,10.9,5.3,46.3,4.1,4.8,6.8,11.8,6.1,35.3,5.5,5.3,10,6.6,2.7,62.9,7.1,6.4,14,9.7,5.9,42.9,4.3,3,9.2,8.5,3.7,59.9,5,8.4,13.8,14.8,5.6,73.5,5.5,5.9,20,12.4,7.3,70.8,5.2,5.2,15.7,13.3,3.4,10/5/2023,Yes
46,Ayaan Patel,BWU/BCA/22/012,56.6,5.1,6.6,13.4,17.5,7.6,61.6,5.5,7.7,12.8,8.9,5.6,36.8,6.6,5.6,12.9,12.1,5.2,54.3,4.7,4.1,11.4,11.6,5.7,49.5,5.7,3.5,10.9,11.2,6.8,38.9,5.5,4.9,12.9,9.7,4.2,,,,,,,,,,,,,28-06-2025,No
47,Bishal Kapoor,BWU/BCA/19/013,43.3,5.1,4.8,7.4,6,3.5,45.1,3.4,3,8.7,11.6,6.4,37.4,6.2,3.5,7.1,10.1,2.9,44.9,5,3.5,11.2,10.3,4.1,24.8,5,4.5,7.2,9.7,5.2,36.7,3.7,4.2,10.6,6.4,5.3,,,,,,,,,,,,,21-06-2022,No
48,Pari Tiwari,BWU/BTA/20/012,52.8,6.3,6.5,6.1,10.5,5.2,34.7,4.7,4.2,7.7,9.2,4.4,67,5.4,7.7,14,13.3,4.6,46.7,5.9,5.3,11.9,11.6,5.6,47.2,5,6.4,10.6,10.8,6.5,48.6,5.9,5,12,13.1,6.7,63.5,6.4,7.4,15.9,10.9,7.6,62.6,6,7.3,13.8,13.8,5.5,16-05-2024,No
49,Amit Bose,BWU/BTD/20/013,83.8,8.5,7.5,20,14.9,6.8,78.4,7.8,7.7,13.8,19.1,8.3,83.1,6.3,8.9,16.5,15.2,5.5,95.7,9,7.7,17.7,14.7,6.6,70.1,10,10,20,18.2,6.4,72,8,7,17,17.6,7.5,75.2,6.1,6.3,13,12.4,8.4,79,7.8,5.7,16.2,15,6.4,22-05-2024,Yes
50,Suman Iyer,BWU/BCA/22/014,46.8,4.7,5.2,7.8,10.7,3.6,51.3,4.4,5,8.6,10.5,2.2,44.2,2.5,6,8,11.5,4.4,51.5,6.5,6.9,10.6,16,5.1,50.1,4.2,4.6,9.9,15,4.5,32.2,4.5,5,11.2,10.6,5,,,,,,,,,,,,,10/6/2025,No
51,Pari Ghosh,BWU/BCA/20/015,90,6.6,7.5,18.4,12.9,10,64.7,9.8,7.4,16.3,15.2,8.4,100,10,6.4,17.8,17.4,10,96.7,7.5,8.7,20,17.8,9.3,79.6,8,5.4,19,15.9,10,93.4,8.6,10,13.4,17.1,9.8,,,,,,,,,,,,,14-06-2023,Yes
52,Rahul Chatterjee,BWU/BTD/21/014,68.9,7.3,6.9,15,16.3,6.9,44.3,7.6,5.6,10.8,15.2,7.6,76.9,5.6,6.6,12.5,18.2,8,70.5,6.8,6.2,13.9,14.9,6.2,60.6,5.5,4.4,9.6,10.9,5.8,64.3,7.1,6.2,14.6,14.2,7.3,67.2,5,6.9,15.9,14,7.3,46.1,5.9,6.2,8.7,11.5,4.4,13-05-2025,Yes
53,Diya Pal,BWU/BTD/22/015,70.6,6.2,6.1,11.5,12.6,7.4,59.7,6.9,5.7,13.5,13,7,56.2,7.7,7.4,7.2,11.9,5.5,71.7,4.5,5.1,14.2,14.6,5.4,64.2,9.3,8.3,13.4,11.2,8.8,55.2,4.5,7.5,14.9,15.4,9.1,70.9,8.2,8.2,17.4,14.5,9,66.6,5.6,8.6,9.8,15,6.8,27-06-2026,Yes
54,Vivaan Biswas,BWU/BCC/19/012,63.4,6.4,10,12.9,13.9,7.3,81.1,6.5,8.2,12.2,16.2,6.9,70.7,7.8,5.7,11.8,19.4,7.7,75,6.9,4.3,14.4,13.7,7.4,65.4,8.1,6.5,12.4,14.4,6.2,74.4,8,6.7,12,17,7.9,,,,,,,,,,,,,25-06-2022,Yes
55,Ravi Singh,BWU/BTA/19/013,73.1,6.3,5.9,13.9,16.7,6.6,35.7,6,5,8.7,11.9,4,52.7,6.7,5.8,9.9,10.3,6.7,51.2,6,7,8.2,10,4.5,61,3,4.4,13.8,8.8,5.4,56.6,5.9,6.2,7.4,17.1,5.9,50.1,6.8,5.9,12.5,9.7,7.6,55.8,6.8,5.7,14.1,8.9,6.6,28-06-2023,No
56,Ravi Pandey,BWU/BCA/21/016,64.9,7.6,6.4,15.4,10.2,4.4,66.8,6.2,7,18.8,15.9,7.6,65.8,7.4,8.2,14,12,9.3,72.5,3.1,4.6,13.9,10.9,6.1,58,5.3,7.4,11.9,12.3,7.1,58.7,6.4,8,13.2,9.4,4.3,,,,,,,,,,,,,12/6/2024,Yes
57,Ira Adhikari,BWU/BCC/21/013,45.8,6.1,5,5.9,7.3,3.7,57.8,6.1,3.7,9.3,10.8,4.4,53.8,7.9,5.2,12.2,10.7,5.9,54.6,5.4,5.9,9.5,12.2,5.3,67.4,4.8,5.1,11.8,6.6,6.3,49.3,6.2,5.6,11.4,7.4,5.3,,,,,,,,,,,,,20-05-2024,Yes
58,Aarav Saha,BWU/BTA/21/014,37.6,4.4,4.8,9.2,11.5,4,34.8,1.9,4.3,12.8,13.4,1.6,51.3,6.5,4.3,8,9.6,7.7,43.6,3.6,4.2,7.3,4.1,3,48,3,4.3,8.9,13,6.1,44.8,3.8,4.6,8.7,12.6,4.9,56.7,4.9,6,11.5,6.9,3.5,39.9,1.5,3,5.4,10.6,1.5,26-06-2025,No
59,Rajesh Shah,BWU/BCA/20/017,100,8.3,8.4,14.1,11.8,9.2,76.2,7.8,5.5,14.5,16.4,8,100,7.9,9.5,17.8,17.4,9.2,84.4,7.2,8.2,15.3,16.5,7.9,76.5,9.1,9.6,14,18.5,9,82.4,7.3,5.5,19.8,15.7,9.2,,,,,,,,,,,,,23-06-2023,Yes
60,Ayaan Chatterjee,BWU/BTD/22/016,28.2,3.1,2,4.4,3.4,2.1,37.2,5.7,3.7,4,9.6,4.2,41.3,4,5.2,6.2,8.2,2.3,64.3,5.5,3.4,7.6,5.7,2.7,35.2,4.9,4.3,8.3,11.8,2.5,43.5,5.7,3.9,6,9.4,5.4,50.1,6.3,5.1,13.6,8.3,5,45.1,3.3,5.3,12.1,11.1,3.4,13-05-2026,No
61,Arjun Pandey,BWU/BTD/19/017,53.1,5,5.9,11,13.8,7.6,65.5,5.3,6.3,8.9,11.8,5,65.6,6.4,6.4,10.7,15.7,6.9,55.1,6.2,6.9,9.8,13.3,4,60.8,6,6.3,12.6,10.1,6.1,47.8,7.2,7.1,12,10.4,4.9,53.5,4.7,5.2,12,11.8,5.8,35.8,5.2,6.4,7.1,12.3,3.6,14-05-2023,No
62,Amit Yadav,BWU/BCC/22/014,75.3,6.5,10,13.4,13.7,7.7,78.7,7.2,6.2,13,9.7,6.6,66.5,6.4,6.3,12.6,11.9,8.5,90,10,8.8,17.5,16.2,10,79.5,9.2,8.4,15.7,17.9,6.7,100,9.2,7.4,18.8,17.7,8.3,,,,,,,,,,,,,19-05-2025,Yes
63,Karan Singh,BWU/BCA/20/018,59.6,7.6,4.8,15.3,9.5,5.5,63.5,3.9,5.6,15.7,14.3,5.5,68.8,6.9,8.9,16.8,15.1,5.9,65.5,3.9,7.1,9,8.5,3.9,51.2,5.9,2.4,10.4,12.4,5.1,62,7,4.9,13.4,10.3,5.5,,,,,,,,,,,,,10/6/2023,Yes
64,Siddharth Reddy,BWU/BTD/21/018,75.6,10,8.1,18.5,17.3,8.9,77,7.2,7.6,15.8,17.2,7.2,87.6,10,4.5,15.4,20,5.5,87.4,6.2,9.5,14.7,15.1,10,68.2,10,8.7,14.3,13.2,7.3,76.2,6.9,9.9,16.1,17.1,9,53.3,7,8.8,20,14.2,7.2,84.7,8.3,5.6,14.9,16.5,6.2,12/6/2025,Yes
65,Siddharth Verma,BWU/BCC/21/015,75.2,9,7.9,16.1,12.6,5.8,66.5,8.1,7.1,14.1,13.8,6.5,65.8,7.5,5.9,11.6,13.6,6.2,58.5,8.9,4.6,15.6,13.9,6.3,83.1,7.7,4.8,13,17.4,6.3,94.3,7.3,6.1,10.7,20,8,,,,,,,,,,,,,13-05-2024,Yes
66,Sreya Das,BWU/BCA/20/019,52,6.7,4.8,8.9,12.3,6.4,64.5,7.8,8.9,16.7,9.9,10,50.9,6.4,6,13,15.4,7.2,63.4,7.5,7.5,15.4,14.6,7.1,54.2,7,5.9,16.1,10.8,6,72.9,7.4,6.5,13.8,17.1,4.4,,,,,,,,,,,,,20-05-2023,No
67,Anirban Joshi,BWU/BCA/21/020,50.5,4.9,7.5,11.9,9.6,5.1,45,2.2,5.7,6.6,10.7,3.3,49.4,6.4,5.7,13.4,9,5.1,39,6.8,3.2,7.8,12.4,6.3,62.6,6.7,5.9,18.6,10.1,5,49.9,5.2,3.3,8.1,10.4,4.2,,,,,,,,,,,,,21-06-2024,Yes
68,Neha Menon,BWU/BTA/19/015,65.6,5.2,8.5,10.2,16.2,6.8,91.3,7.2,7.1,15.5,12.4,6.8,57.6,7.6,6.9,12.5,13,9.8,75.6,7.2,5.7,14.9,8.5,9.2,61,7,5.7,13.1,14.1,7.2,49.1,5.1,4.7,11,12.6,5.2,49.7,5,5.2,12.9,14.2,7.1,75,7.3,6.4,16.4,18.5,5.6,19-05-2023,No
69,Navya Joshi,BWU/BCC/22/016,60.8,7.3,6.2,12.8,12.2,6.7,63.7,7.9,7.5,17.2,16.1,7.9,76.8,7.8,8.7,19.2,18.4,8.2,83.4,6.8,9.2,18.2,18.6,9.3,74.3,9.2,7.2,15.5,17.5,10,89.9,10,9.1,15.2,14.1,7.8,,,,,,,,,,,,,23-05-2025,Yes
70,Rohan Pal,BWU/BCC/21/017,85.4,6.8,8.4,16.8,14.4,6.8,81.3,8.4,8.9,14.8,19.8,6.4,77.3,9.7,8,13.3,16.4,6.6,80.7,7.3,8.4,12.5,17.9,7.1,61.5,5.2,5.1,15,14.6,7.6,79.7,5.8,7,14.7,13.7,7.7,,,,,,,,,,,,,14-05-2024,Yes
71,Rajarshi Das,BWU/BTD/21/019,69.8,8.4,6.6,9.7,13.1,4.4,61.6,4.1,4.9,12,8.8,3.9,65.9,5.2,5.5,12.9,14.3,7.2,70.1,6.5,8.6,13,11.6,7.5,54.9,6,5.5,13.7,13.1,7.3,43.9,8.1,5.3,14.5,13.1,8.2,59.8,5.8,6.6,14.4,13.4,8.3,79.3,5.7,7,9.7,10.5,3.4,17-06-2025,Yes
72,Sagnik Bhowmik,BWU/BTD/22/020,5.4,0,1.9,2.9,2,5,20.8,2.5,1.3,7.3,6.2,2.3,28.4,1.4,0.5,8.2,3.3,4.9,1.8,1,1.8,3.1,0,2,25.9,4.2,2.9,6.2,8.5,1.7,9.9,2.1,0.4,6.6,4.6,0.9,36.2,1.7,2.9,1.7,9.4,1.7,28.5,1.9,2.1,5.5,1.9,0.9,15-06-2026,No
73,Yash Mishra,BWU/BCC/21/018,72.9,5.5,7.7,12.3,15.7,6.4,60.7,5.9,5.8,13.3,12.6,5.6,58.1,6.6,6.9,11,11.8,7.1,63.7,7.6,5.8,13.5,14,6.1,56.8,2.2,6.2,14.1,9.8,5.8,48.4,6.6,4.1,9.3,10,4.8,,,,,,,,,,,,,25-06-2024,No
74,Neha Menon,BWU/BCA/21/021,53,7.5,4.8,10,10.2,4.8,58.4,5.3,7.2,12.3,9.2,7.4,38.3,6.5,6.9,8.9,13.9,5.2,44.7,5.4,4.7,8.8,11.8,3.9,40.4,3.9,6.3,6.5,13.2,3.9,45.9,5.9,6.7,10.7,10.7,4.7,,,,,,,,,,,,,16-05-2024,Yes
75,Dhruv Roy,BWU/BTD/22/021,59.9,6,5.6,12.4,13.4,5.9,55.7,6.5,5.1,10.2,11.4,5.3,39.6,4.7,6.5,13.7,10.1,5.1,75.7,6,7.1,15.7,10.3,5.1,48.7,4.6,4.5,8.7,13.1,5.7,48.8,6,5.3,10.6,12.5,3.2,62.3,8.2,5.6,13.7,10,6.8,56.6,6.7,7,11.7,8.9,6.6,17-06-2026,Yes
76,Sanjay Mondal,BWU/BCA/19/022,87.7,6,9.3,13.7,16.3,10,77.7,9,7.9,16.2,20,7.8,76.4,7.5,8.4,16.1,14.5,7.8,89,8.1,6.6,17.2,18.5,7.4,76,10,9.5,16.2,16.9,7.1,70.9,10,9.4,20,18.7,9.5,,,,,,,,,,,,,10/6/2022,Yes
77,Priya Rao,BWU/BCC/20/019,56.7,2,4.9,6.9,11.3,4.9,63.8,6.3,7.9,11.9,13,8.3,80.2,7,5.8,15.6,15.2,6.1,62.8,6.9,6.4,12.4,16.9,6.9,55.4,5,5.8,11.4,11.7,3.3,63.5,5.2,6.8,11.8,9.1,3.2,,,,,,,,,,,,,25-05-2023,No
78,Manoj Joshi,BWU/BTA/19/016,100,10,8,18.8,17.5,10,100,8.7,10,18.8,20,10,97.1,9.6,9,20,18.5,9.3,86.6,9.3,9.5,20,15.1,9.4,93.6,8.6,8.8,20,16.6,9.9,86.9,8.8,8.7,17.4,18.2,9.5,96,8.6,8.7,18.5,14.2,8.2,82.5,8.8,8.2,15.9,20,10,25-05-2023,Yes
79,Rohan Kapoor,BWU/BTD/21/022,26.4,1.7,0.1,4.4,5.2,3.2,46.7,1.7,4.3,7.8,3.9,2.6,20,1.6,1.6,4.2,1.6,3.4,22.5,3.8,1.5,1.2,6.4,3.5,23.2,4.3,5.5,1.6,4.6,0.4,32.3,4.6,3.7,4.5,6.6,2,15.3,2,0,3.3,9.9,0.6,17.9,0,0.9,2.5,6.4,2.1,17-06-2025,No
80,Simran Pandey,BWU/BTA/19/017,81.6,8.5,6.9,14.4,15.7,7.2,78.2,6.6,4.8,13.9,12,7.6,55.5,5.9,6.3,13,13.8,5.5,81.6,8.2,6.9,17.1,13.7,9.7,74.2,9,7.1,14.3,14.9,6.1,82.7,7.4,7.9,14.3,16.1,9.9,77.9,9.3,7.3,15.3,17.3,9.4,83.8,9.5,8.9,18.6,17,9.3,14-05-2023,Yes
81,Pari Chauhan,BWU/BCC/20/020,6.7,0.6,2,0.2,0,1.7,9.7,1.9,0.3,5.7,2.8,0.6,17,1,0,0,3.1,0.7,21.5,3,3.1,5,3,3.1,22.9,0.8,2.2,2.9,0.2,0,4.7,0,0,0,0,0,,,,,,,,,,,,,10/5/2023,No
82,Riya Chatterjee,BWU/BTD/21/023,92.5,10,9.8,18.4,16.8,7.9,87,9.9,9.7,20,16.5,10,82.4,6.2,7.1,17.7,18.8,9.1,92.2,9.4,9.1,20,17.9,7.5,100,9.1,8.3,19.5,20,8.8,91.7,8.8,10,20,17.8,10,86.7,9.6,8,18,16.7,7.1,71.3,8.1,7.4,14.8,16,8,27-06-2025,Yes
83,Pranav Bhowmik,BWU/BTA/20/018,49.6,8.3,4.9,13.6,14.7,5.9,34.3,4.2,6,12,13.4,3.9,41,4.7,6.4,6,13.5,7.9,48.9,7.2,5.7,11.2,10.5,3.5,69.5,6,6.8,10.9,9.7,5.4,45.5,5.6,5.4,8.9,13,4.5,69.5,8.6,7,15.1,13.3,4.9,82.9,6.8,9.5,16.2,18.9,6.7,20-06-2024,Yes
84,Sai Halder,BWU/BCC/21/021,35.5,3.8,3.3,5.9,10.1,4.6,29.4,3.2,1.9,0,3.3,3.7,35.8,0.3,3.9,9.3,10,2,34.5,2.2,5.6,4,0.9,1.3,37.8,3.7,3.7,9,8.4,2.1,26.9,3.6,2.5,8.7,1.3,2.6,,,,,,,,,,,,,15-06-2024,No
85,Yash Das,BWU/BTD/22/024,42.9,7.2,5.3,12.8,13.7,6.2,49.7,7.9,6.3,10.5,14.2,7.4,63,5.7,3,11.8,13.7,8.5,62.4,4.9,6.3,10,5.2,4.9,45.6,5.5,6.9,7.7,11.1,5,60,4.9,4,7.7,11.5,6.3,62.1,6.1,6.2,8.9,10.3,5.7,76.5,8.1,6.2,13.1,9.3,4.1,24-05-2026,Yes
86,Tanya Reddy,BWU/BCA/22/023,40.9,3.6,3.3,8.1,9.3,3.1,47.6,4.6,4.9,2.7,5.9,4,46.5,3.2,5.3,5.8,5.3,5.9,59.5,2.9,3,7.6,7.9,4.7,50.4,2.1,4.6,11,9.3,5,45.6,4.2,3.4,6.6,6.8,5.3,,,,,,,,,,,,,10/5/2025,No
87,Ritika Chakraborty,BWU/BTD/21/025,52.1,5,6.6,5.4,8.5,6,63.4,3.1,4.1,11.2,12.2,5.6,69.1,7.9,4.3,7.9,13.4,6.5,49.1,5.7,5.3,9,15.1,6.1,71.5,5.7,5.2,14,15.1,5,62.3,6.5,6.1,12.4,16.6,8.1,75.6,5.8,5.2,16.5,14.8,4.5,69.4,8.6,7.8,16.7,16.2,7.4,24-05-2025,No
88,Siddharth Banerjee,BWU/BCA/22/024,55.6,4.8,7,7.6,14.4,4.8,75.7,4.8,7.1,13,13.2,8.3,54.6,5.5,5.4,11.6,7.9,5.5,67.6,4.8,8.1,10.9,13.1,5.6,60.9,6.7,7,14.5,16.4,6.6,56.2,5.1,6.5,13.8,14.4,5.5,,,,,,,,,,,,,19-05-2025,No
89,Vikram Tiwari,BWU/BCC/19/022,69.9,8.5,7.7,16.1,17.7,5.4,66.6,5.4,6.2,18.3,13.2,5.3,58.6,6.4,5,15.7,16,7.5,62.9,8,7.1,12.2,15.1,8.3,74.3,9.3,7.7,15.4,13,8.9,67.3,7,5.8,14.2,12.4,7.1,,,,,,,,,,,,,28-06-2022,No
90,Dhruv Reddy,BWU/BTD/21/026,56.8,7.5,3.5,11.3,11.6,7.4,58.9,7.2,5.6,14.5,10.7,7,88.6,8.5,6,13.2,12.1,6.5,50,6.8,8.2,12.1,11.5,6.3,47.9,6.4,5.2,10,13.1,3.2,60.7,7.4,6.7,15.3,15.9,5.5,68.5,8.2,5.8,15.8,14.7,5.9,61.1,7.5,6.3,13.1,13,7.6,19-05-2025,Yes
91,Sreya Singh,BWU/BTD/21/027,78.9,6.3,6.8,14.8,13,7,76.1,8,5.2,13.2,13.1,8.4,86.6,7.2,7.2,13.3,13.1,8.4,73.3,6.8,8.3,17.3,17.2,5,53.3,6.1,6.1,10,16.3,6.4,76.7,7.8,5.8,15.6,15,6.8,77,8.5,8.2,13.9,16.6,5.5,81.6,8,4.7,13.2,14.1,6.1,26-05-2025,Yes
92,Ishaan Tiwari,BWU/BCA/19/025,62.9,5.5,6.7,9,9.7,6.4,62,7.2,7.9,10.9,11.4,6.5,49,4.5,4.1,9.6,10.2,7.5,68.5,7,7,13.8,11.5,6,59.2,8,3.9,8.6,11.7,4.2,65.2,6.3,5.3,13.6,15.1,9.5,,,,,,,,,,,,,14-05-2022,No
93,Arindam Rao,BWU/BTA/22/019,44.9,6.1,5.5,10.8,9.7,3.9,41.8,6.5,6.9,11.4,11.2,5,68.4,5,6.3,12.4,9.4,5.3,67.5,6.3,5.3,12.3,14.7,5,50.2,5.3,7.7,11,14.4,3.8,59.4,7.7,6.1,8.8,8.3,2.5,57,6,5.6,8.6,12.8,5.2,50.3,4.2,6.8,11,13.4,5.7,13-05-2026,No
94,Aniket Rao,BWU/BTA/19/020,32.2,5.6,3.3,5.8,9.7,6.3,53.1,5.8,6.7,16.1,14.1,5.3,75.2,6.8,5.5,14,5.6,5.8,47.7,4.4,5.1,10.4,8.4,3.4,43.5,3.9,5.8,10.3,8.9,5.7,52.2,3.7,3.3,10,9.3,4.7,33.4,3.6,5.5,7.3,4,5.1,40,5.3,5.3,15.2,9.4,3.8,20-06-2023,No
95,Debjit Singh,BWU/BTD/21/028,31.4,2.9,1,5.7,6,2.1,18,0,1.6,3,7.8,3.2,16.3,2.7,3.9,1.7,2.5,3.4,19.1,3.7,2.9,2.2,5.2,2.3,32.7,3.4,2.9,6.9,2.1,1,24.1,1.6,0,1.5,5.5,2.2,7.6,1.8,1.3,2.6,1.7,1.7,14,3.9,1.2,4.2,0,0.7,13-05-2025,No
96,Pari Mehta,BWU/BCA/22/026,70.8,7.2,8.6,11.1,15.2,5.9,63.2,6.8,6.9,10.9,9,3.4,67.4,6.5,7.3,10,12.8,6.2,57.6,6,6.2,8.5,7.3,3.9,62.9,4.3,6.6,15.7,9.7,5.9,57.3,6.9,6.3,6.2,12.3,4.7,,,,,,,,,,,,,23-06-2025,Yes
97,Sneha Banerjee,BWU/BTD/19/029,43.7,2.8,4.8,9.1,9.7,5,48.6,1.7,3.2,7.8,8.5,3.7,37.2,3.3,5,8.7,4.9,3.6,30.2,3.3,4.9,7.5,8.6,3.9,29.5,0.9,3.6,6.6,4.1,3.3,33.4,4.5,4.1,11.6,9.5,4,36.8,3.7,5,7.8,9,2.6,24.1,3.5,2.7,6.2,3.8,2.4,24-05-2023,No
98,Meera Halder,BWU/BTA/20/021,62.6,7.4,3.8,11.6,12.9,7.5,62.7,4,7.3,12.5,15.1,6.7,89.8,6.4,8.3,13.1,20,8.3,50.5,4.9,6.5,13.4,8.4,7.1,74.1,7.3,5.8,10.1,13,7.4,88.6,7.7,6.1,13.3,14.2,4.5,62.5,5.2,6.6,13.7,12.7,7.6,40.7,6.7,5,7.1,12.5,4,27-06-2024,Yes
99,Anika Das,BWU/BCA/19/027,27.9,1.6,3.5,7.5,5.8,1.5,7.7,1.3,2.8,5.8,0.6,1.6,12.6,3.9,1.2,5.3,0.9,1.5,27.6,3.6,4.7,8,4.4,4,20.9,0.7,2.4,8,4.1,1.7,23.6,0,3.7,5.2,7.1,2.8,,,,,,,,,,,,,15-06-2022,No
100,Simran Sen,BWU/BTA/22/022,100,9.8,8.3,20,20,9.3,96.6,9.8,9.1,20,18.7,9.8,87.3,10,8.1,14.9,14.9,9.4,90.3,7.7,9.6,20,17.2,9.4,90.8,10,9.9,17.9,17.7,10,94,9,9.6,20,20,10,96.9,10,10,18.8,16.7,9.9,100,8.2,7,20,20,10,10/5/2026,Yes
101,Bishal Bose,BWU/BCC/21/023,77.2,7.4,7.2,20,12,8.1,65.1,5.4,6.9,8.8,13.8,7.7,89.8,8.7,8.4,20,18.4,9.2,93.1,10,10,20,20,7.8,100,10,8.2,20,17.6,8.6,91.4,9,10,20,16.6,10,,,,,,,,,,,,,21-06-2024,Yes
102,Aisha Joshi,BWU/BTD/20/030,72.7,5.7,5.3,16,14.2,5.6,63,6.1,6.3,13.9,15.9,8.9,71,6.5,5.3,9.4,5.8,6.7,62.8,5.3,3.8,12.6,12.7,4.6,81.7,7.3,7.2,11.6,10.8,6.2,63.2,6.1,9.3,14,10.2,4.9,45.8,6.1,5,9,12.2,6,64.1,6.4,4.8,8.2,10.8,5.5,21-05-2024,No
103,Barsha Verma,BWU/BCA/20/028,49.7,4.4,5,7.1,12.1,5,50.4,7,6,11.4,7.7,3.9,48.2,4.6,6,12.7,6.5,4.9,54.4,7.2,5.7,13.3,13.5,6.8,45.7,6,5,11.3,13.7,6.4,33.3,3.8,6.7,7.5,8,2.7,,,,,,,,,,,,,23-05-2023,No
104,Aditya Malhotra,BWU/BCA/21/029,38.9,7.4,3,11.2,13.2,7,59.2,7.6,7.7,11.8,10.7,7.2,64.6,8.6,7.9,15.7,12.7,7.8,65.2,5.5,5,7.3,13.7,7.3,67.4,6.4,7.5,15.1,11.3,6,60.1,7.4,7.8,11.8,15.6,4.8,,,,,,,,,,,,,26-05-2024,Yes
105,Aryan Bhowmik,BWU/BTD/20/031,69,7.6,5.8,16.4,8.9,6.5,44,3.8,4.3,8.1,12.7,1.6,46.2,2.5,5.3,7.3,10.9,2.8,39.1,5.1,4.3,7.7,6.2,4.4,36.7,2.4,1.2,7,9.2,4.6,48.1,1.8,4.7,1.9,7.2,3.9,21,2,4,5.8,5.2,1.7,49.8,3.4,4.2,6.4,6.3,4.3,22-05-2024,No
106,Simran Bhowmik,BWU/BCA/22/030,100,7.8,8.2,17.7,16.6,9.1,79,8.1,7.8,15.4,11,7.6,85.8,9.6,7.6,18.1,13.2,6.7,68.6,6.3,7.7,14.6,18.2,6.2,82.3,6.5,9.9,16.2,20,7.7,87.7,9,7.1,17.9,16.7,7.1,,,,,,,,,,,,,25-05-2025,Yes
107,Aisha Rao,BWU/BCC/19/024,36,2.4,4.2,8.3,8.6,3.8,42.6,6.4,5.2,8.2,13.3,5.7,52.8,5.3,3.2,9.8,6,3.8,55.2,4.6,5.5,10,9.6,5.7,55.6,5.3,4.5,11.4,12.6,6.6,35.4,5.1,4.2,9,8.3,4.4,,,,,,,,,,,,,22-06-2022,Yes
108,Suman Roy,BWU/BTA/21/023,53.8,5,4.6,17.5,12.3,7.2,55.2,6.1,4.9,10.9,13.2,3.6,33.3,2.6,4.4,6.3,7.8,4.2,39.8,3.4,4.9,12.9,10.9,3.4,43.5,3.8,3.9,10.4,5.7,4.5,30.3,2.5,2.5,8.2,9.7,2.3,40.8,3.1,2.1,3.5,10.3,1.4,42.9,5.5,5.1,7.8,10,4.8,23-06-2025,No
109,Krishna Dutta,BWU/BCC/21/025,82.9,6.7,7.5,15.1,16.2,7.8,57.8,6.1,6.4,12.6,13.9,7.1,83.1,6.5,6.2,17.6,8.6,6.6,69.9,6.4,4.8,10.6,15.6,6.1,70.2,8.6,7.7,12,10.9,7.6,78.7,6.4,8.4,8.6,15.7,6.6,,,,,,,,,,,,,17-05-2024,Yes
110,Sohom Rao,BWU/BTA/22/024,49.6,5.8,2.8,12.3,12.5,5.3,41.5,3.2,4.1,9.1,11.1,4.7,35.8,4.5,3.7,12,9.2,4.2,31.3,7.1,5.5,8.2,7.4,3.3,45.7,2.6,4.5,7.4,10.4,6.4,60.1,8.3,4.7,10,17.4,6,45.3,3.7,3.3,9.3,9.8,2.6,41.4,6.6,5.8,5.4,9.7,5.7,13-06-2026,No
111,Neha Yadav,BWU/BTD/21/032,32.9,2.8,1.6,6,5.8,1.9,48,4.3,3.7,11.6,10,4.9,25.9,3.5,3.4,5.7,6.4,5.1,43,3.5,4.7,11,7,4.9,51,3.8,5.4,11.1,6.6,5,33.8,3.8,4.5,9.9,6.9,4.6,43.7,3.4,3.5,12.9,14.2,5.3,61.2,5.3,5.5,4.6,11.6,3.9,16-05-2025,No
112,Ritika Chauhan,BWU/BCC/20/026,96.3,10,9.2,17,20,10,100,10,10,19.8,20,9.6,72.6,9.3,10,17.3,18.3,10,88.4,9.7,9,20,18.5,7.2,80.2,7.8,9.6,14.2,18,8.8,82.8,10,8.1,20,20,9,,,,,,,,,,,,,26-05-2023,Yes
113,Vikram Kapoor,BWU/BTA/19/025,58.6,6.2,5.7,14.4,7.7,5.5,40.5,6.8,2.8,6,8.6,5.4,55.7,8,5.9,14.8,16,4.8,54.8,5.3,5.1,10.8,9.8,6.9,54.4,4.7,4.3,6.4,11.9,3,70.3,4.1,6.5,13,13.3,5.6,73.2,6.1,9,10.1,11.3,7.9,54.8,5.7,8,14.4,10.1,4,19-05-2023,No
114,Debarati Roy,BWU/BCA/20/031,38.6,2.8,3.4,6.8,7,3.2,51.1,2,5.7,15.1,9.6,5,49.5,2.4,3.6,12.4,7.9,2.5,40.1,4.2,5.1,8.8,5.9,5,39.5,5.4,2.8,4.2,10.3,5.4,36.8,7.2,3.7,8,8.4,5.9,,,,,,,,,,,,,25-05-2023,No
115,Ashok Malhotra,BWU/BCA/22/032,77.8,7,7,8.1,14.2,6.6,66.2,4.3,5.3,13.5,16.5,7.7,92.3,7.5,10,16.2,15.1,8.6,74.3,7.7,9.6,15.2,14.1,8.3,73.9,7.5,6.1,10.5,12,9.1,66.7,8.5,8.2,15.4,12.7,9,,,,,,,,,,,,,28-06-2025,Yes
116,Neha Nair,BWU/BTA/20/026,30.2,2.8,5.5,10.5,9.9,4.3,46.9,3,1.6,11.1,7.1,2.2,45.1,3.6,2.9,4.1,5.8,4.4,39.3,4,4,12.5,6.8,4.3,40.5,3.5,3.1,6,9.9,5.5,35.9,4.1,3.5,9,10,4.7,45.6,2.7,4.4,10.9,8.2,3.6,48.6,4,1.5,12,6.3,3.5,11/6/2024,No
117,Suman Yadav,BWU/BCC/20/027,57.1,7.7,6.4,8.3,12.2,2.5,49.5,7.2,6.6,11.6,12.1,6.7,60.8,6.4,4.9,7.2,8.2,5.2,47.7,6.9,7.3,9,8.3,3.4,40.7,6.4,4.1,10,15,5.1,51.6,6.4,5.8,11.2,11.8,4.8,,,,,,,,,,,,,27-05-2023,No
118,Rajesh Chatterjee,BWU/BTA/19/027,63,6.4,4.6,10.6,16.1,5.8,50.7,4,5.5,15.9,8.8,6,80.6,7.1,7.2,6.3,12.7,3,54.6,6.9,6.1,10.3,11.9,6.8,68.7,7.8,6.4,9.4,13.5,5.3,63.4,5.2,8.4,14.6,14.5,8.7,78.7,6.4,5.4,13,13.6,7.2,56.3,5.8,5.8,12.9,9.8,6.6,23-06-2023,No
119,Sagnik Mishra,BWU/BCA/19/033,25.7,4.5,4,3.5,9.5,2.4,56.7,4.5,4.8,10.5,14.7,3.4,25.3,5.3,3.9,11.1,5.6,5.4,29.9,4.3,4.5,1.8,5.5,2.8,39.8,4.6,2.2,4.7,4.8,2.1,39.3,3.1,5.1,8.8,7.1,4.5,,,,,,,,,,,,,26-05-2022,Yes
120,Sreya Adhikari,BWU/BCA/20/034,56.9,6.1,6.8,10.7,10,7,47.5,6.2,7.7,15.5,15.5,7.5,63.6,6.4,6,14.4,12.8,4.9,47.9,5.5,4.6,13.5,15.3,5.5,59.4,6,4.9,15.5,15,7.2,89.9,7,7.9,13.1,16.5,8.7,,,,,,,,,,,,,25-05-2023,Yes
121,Ishaan Menon,BWU/BCC/22/028,45.3,5.5,3.9,12.8,10.6,7.3,71.8,8.2,9.5,15.5,12.3,7.7,73.7,8.2,8.6,15.7,14,7.7,66.8,7.9,6.5,14.1,13.4,8.2,73.6,8.5,8.8,9.2,17.1,6.8,80.2,9.3,9,15,15.7,7.6,,,,,,,,,,,,,28-06-2025,Yes
122,Sanjay Malhotra,BWU/BTA/20/028,69.9,8.2,8.5,14,16.8,6.1,77.1,6.2,8.3,19.9,13.4,7.2,76.8,5.4,4.9,11.7,12.9,5.4,86.1,8.5,9.4,15,15.4,7.2,54.8,7.5,9.2,18.3,14.5,7.4,66.7,6.6,4.8,10.2,16.1,6.3,82.5,7.4,8,13.8,9.2,7.9,73,7.2,7.1,14.2,14.7,6.7,23-06-2024,Yes
123,Ayaan Biswas,BWU/BCA/20/035,68.6,5.5,7,9.5,16.1,7,70,5.4,5,14.2,13,7.4,76.1,6.1,8,13,15.6,8,76.8,6.1,6.5,16.2,13.5,5.5,67.9,6.1,6,15.6,12.7,8.7,58.9,6.4,7.8,12,16.2,6.7,,,,,,,,,,,,,15-06-2023,Yes
124,Riya Rao,BWU/BCA/20/036,71.7,6.5,5,11,10.8,6.3,72.8,6.3,7.8,8.2,9,5.7,63.1,7.4,6.7,10.6,13.5,10,62.9,5.4,5.4,9.8,7.7,6.9,67,4.7,3.5,14.2,10.2,3.8,44.1,4.5,4.4,14.1,10.4,3.9,,,,,,,,,,,,,22-06-2023,No
125,Rajesh Rao,BWU/BTA/19/029,74.2,7.2,5.3,13,11.1,8.1,72,6.7,8.8,20,17.1,8.2,67.3,6.6,6.6,16.9,13,7.4,73,7.8,8.5,19.4,14,6.4,88.7,7.9,7.3,20,13.8,9.3,69.1,9.4,10,15.3,12.8,5.7,58.4,8.6,7.4,13,11.5,8,79.7,6.5,8.6,17.1,12,7.6,17-05-2023,Yes
126,Rahul Sharma,BWU/BCC/20/029,89.9,4.7,8.4,20,20,7.4,79.4,8.8,7.9,17.1,15,9.4,85.3,6.2,7.1,17.1,18.8,6.5,62.6,7.2,7.6,12.1,12.7,8.2,85.8,9.3,8.1,12.9,17.1,5.9,63.7,6.8,6.3,11.3,11.6,7,,,,,,,,,,,,,19-05-2023,Yes
127,Debjit Roy,BWU/BCC/20/030,70.5,6.4,7.9,14.5,14.5,6.6,82.4,7.5,6.8,13.9,18.5,7.4,60.9,7.5,6.6,11.5,13.7,5.3,78.3,8.3,8.3,15.7,12.7,6.9,65.4,5.9,6.4,16,16.5,6.4,79.6,6.7,6.6,12.9,14.4,9.2,,,,,,,,,,,,,23-05-2023,Yes
128,Pari Kumar,BWU/BCA/20/037,100,8.8,8.3,20,20,8.6,95.8,7.3,9.9,20,19.2,10,96.6,10,9.7,20,20,9.2,88.6,10,10,18.2,19.6,10,92.5,10,7.6,16.6,19.4,9.5,98.1,10,8.1,17,20,9.5,,,,,,,,,,,,,13-06-2023,Yes
129,Pranav Rao,BWU/BTD/21/033,89.7,6,5.1,20,13.8,9.3,71.3,7,8.6,11.4,14.3,7.8,76.7,7.8,6.8,17.1,14.8,7.5,80.9,6.9,9.9,17.3,19.2,6.2,79.9,8.4,8.8,13,17.3,9.6,75,5.8,6.1,14.8,12.8,7.7,75.5,6.4,5.3,13.1,15.9,8.1,74.1,7.1,7.6,18.5,12,7.5,28-06-2025,Yes
130,Rohan Ghosh,BWU/BTD/21/034,81.5,8.3,8,16,15.3,9.2,81.5,8.3,9.3,18,20,8.5,92.5,7.5,7.4,14,18.5,8.5,86.8,8.8,9.3,16.1,19,9.3,74.6,9.5,10,15.2,15.4,5.7,82.4,7.6,10,17.1,14.1,7,80,7.4,6.5,16.7,18.5,9.5,94.7,6.7,8.4,17.2,12.2,7.9,20-05-2025,Yes
131,Soumya Shah,BWU/BTA/22/030,45.4,5.8,5.9,12.1,7.9,4.3,28.5,4.8,2.2,10.3,5.7,3.7,54.2,5.8,4.9,12.6,9.8,4.1,26.5,2.4,4.7,7.6,5.4,4.8,48.9,3.3,4,9.9,8.4,5.7,60.8,5.2,4.1,9.9,15.6,6.2,50.3,4.2,4.1,11.8,10,5.6,50.6,5.8,6.6,12.9,10,5.5,14-05-2026,No
132,Sourabh Chatterjee,BWU/BCA/20/038,51.7,5.3,5.5,11.1,6.7,6.5,36.5,4.9,3,4.2,6,3.3,46.4,6.3,5.6,9.6,8.2,4.4,53.6,6.4,3.7,4.3,11.1,5.5,35.5,6.9,5.2,15.2,9.6,6.7,57.2,3.4,2.2,8.6,10.8,5.5,,,,,,,,,,,,,12/6/2023,No
133,Pritam Reddy,BWU/BCC/22/031,69.2,5.7,5.5,11.5,14.3,6.2,76.1,7.2,6.9,12.7,12.7,5.8,67.8,5.6,5.1,10.8,14.5,6.6,78.4,5.9,7.5,15.7,14.4,6.5,69,6.8,8.3,15.7,17.6,8.2,64.9,6.9,5.8,11.2,11.5,5.2,,,,,,,,,,,,,22-05-2025,Yes
134,Reyansh Rao,BWU/BTA/20/031,55.5,5.5,5.9,9.5,11,6.5,63.4,5.4,2.6,10.2,10.7,4.2,41,5.9,4.9,10.7,3.5,3.8,50.3,4.2,5.2,7.5,10.6,3.6,60.4,5.6,4,7.4,11,5,50.8,4.6,4,0.7,6.4,4.5,50.1,3.6,5.8,7.5,5,1.1,33.2,2.4,2.1,6,12.4,2.9,22-06-2024,No
135,Kiara Yadav,BWU/BTD/20/035,95.5,8.3,9.5,19.5,18.9,8.3,80.9,10,9,20,20,8.8,88.2,8.3,10,20,19.3,7.2,94.2,8.6,9.3,16.6,19.1,9.8,87.2,10,8.1,20,20,9.1,87.7,8.6,6,18.3,20,10,91.2,10,10,19,16.9,8,85.7,9.2,9.4,20,16.4,8.4,16-06-2024,Yes
136,Deepak Patel,BWU/BCC/20/032,84,8.2,10,20,13.9,9.3,88,9.5,8.1,14.2,16.6,9.2,89.3,10,7.9,17.2,16.3,10,100,10,9,17.6,15.5,7.9,77.2,10,8,19,18.5,8.7,78.6,10,10,20,20,10,,,,,,,,,,,,,26-06-2023,Yes
137,Ravi Singh,BWU/BCC/22/033,73,5.8,5.7,12.8,10.6,6.9,63,5.7,4.2,9.4,13.3,6.4,48.7,7.1,5.4,7.4,9.2,5.2,44.6,6.8,5.8,13.7,15.2,5.4,58.8,3.3,6.7,10.7,9.8,4.1,47.5,5.5,5,4.2,8.3,5.6,,,,,,,,,,,,,25-05-2025,No
138,Moumita Shah,BWU/BCA/22/039,64.8,5.9,7.8,18.8,8.9,7.3,65.9,7.2,8.2,12.3,18,4.9,55.5,5,7.2,15.2,11.9,7.4,69,4.2,6.3,12.7,12.5,6,43.1,4.6,7.6,14.5,16.1,6.4,72.2,8.6,6.8,13.3,16.9,5.6,,,,,,,,,,,,,17-06-2025,No
139,Debjit Rao,BWU/BTD/21/036,92.7,7.4,10,19,18.2,10,97.7,7.9,8.5,19.7,15,6.3,70.7,8.9,7.2,16.4,13.6,5.6,82.8,6.6,6.6,12.4,9.9,7.2,70.2,10,6.7,11.8,16,7.6,64.1,8.3,6.7,9.6,17.6,5.8,70.7,6.8,7.3,18.7,7.3,8.6,86.8,5.3,5.6,14.5,14.2,7.8,13-05-2025,Yes
140,Amit Rao,BWU/BCA/20/040,76.2,5.9,5.1,8.1,11,5.4,66.1,7.6,8.9,15.4,14.2,5.8,80,6.1,6.9,12.5,18.7,7.8,77.6,7,7.7,12.5,17.1,8.2,78,7.9,7.7,18.6,16.2,7.1,64.9,5.8,7.6,14.1,9.1,7.3,,,,,,,,,,,,,13-05-2023,Yes
141,Sohini Kapoor,BWU/BCA/20/041,80.7,7.5,7.7,13.7,8.9,7,61.3,7.8,6.2,11.2,14.9,5.3,59.1,5.5,9.3,16.9,14.3,7.4,82,4.8,7.4,18.3,18.1,6.2,58.6,6.2,9,15,13,8.1,55.5,7,5.7,14.7,16.3,7.2,,,,,,,,,,,,,16-06-2023,Yes
142,Amit Bhowmik,BWU/BTD/21/037,51.6,5.8,4.2,10.1,9.5,6.3,40.9,4,2.6,5.2,1.7,6,37.4,6.1,5.6,9.7,11.8,5,61.2,4.5,4.1,14.2,10.1,5.1,41.3,5.5,2.9,2.4,6.8,3.1,22.8,2.5,1.9,9.6,4.5,3.3,43.1,5,5.8,10.6,7.7,3.3,45.9,3.6,4,8.7,4.4,5,19-06-2025,No
143,Aryan Reddy,BWU/BTD/20/038,43.3,3.7,2,11.2,8.7,1.3,32.5,2.4,4.5,11.6,11.7,5.6,42.6,3.3,4.7,11.8,9.5,4,42.2,6.3,4.8,9.2,6.6,7.3,71.5,4.7,4.4,16.2,12.1,6,40,4.3,3.4,9,16,2.3,37.1,3.6,2.7,9.3,8.8,5.8,57.3,6.3,4.1,10.2,10.6,7.5,12/6/2024,No
144,Ananya Patel,BWU/BCC/19/034,59.8,5.3,6,14.5,10.7,7.2,45,3.9,4.8,9.5,10.9,6,59.5,4.6,6.6,11.1,11.1,7.2,53.7,5.9,6.6,15.9,9.9,7.4,71.5,7.7,8,14.2,18.6,6.6,77.9,8.2,6,14.6,13.2,6.2,,,,,,,,,,,,,27-06-2022,Yes
145,Aryan Singh,BWU/BTA/21/032,83.3,8.7,6.9,10.4,11.8,6.6,86.6,7.8,8,16.5,12.4,9,88,10,8.1,16.8,20,8.2,87,7.1,6.3,14.5,9.2,8.5,72.2,7.4,10,18.9,15.6,8,88.4,8.6,8.4,14.9,19.3,8.4,66,9.1,4.7,11.2,15.2,6.8,40.6,6.5,8.3,11.2,10.8,7.8,23-05-2025,Yes
146,Moumita Halder,BWU/BTD/22/039,42.1,2.5,3.6,8,8.6,2.3,40.8,3.5,5.1,12.9,12.3,4.3,46.7,4,4.3,11.2,10.2,6.5,36.3,2.9,6.5,4.8,4.1,5.2,38,3.5,3.5,11.7,7.9,5.5,56.4,6,6.6,13.5,12.9,6.8,52.5,5.5,4.3,10.1,9,4.3,49.6,3.9,4.9,9.5,8,2.4,14-05-2026,No
147,Rajarshi Sharma,BWU/BCA/20/042,81.8,7.4,7.8,12.1,9.8,10,75.9,7.9,5.1,13.9,16.7,8.3,66.3,7.1,5.5,15.5,13.7,9.5,76.8,7.9,9,14.6,18.8,7.9,73.1,8.2,6.9,13.5,14.7,5.3,77.5,7.1,7.7,16.9,15.3,9.7,,,,,,,,,,,,,16-06-2023,Yes
148,Pritam Biswas,BWU/BTA/20/033,62.4,6,6.9,13.8,19,6.5,66.9,6.5,6.4,10.6,13.6,5.6,62.4,7.9,5,13.2,12.8,7.6,77.8,6.1,7.6,14.8,14.3,8.9,77.8,8.9,8,14.5,17.5,10,76.9,7.3,7.3,9.6,12.8,6.2,74.4,9.9,7.2,16.2,15.7,7.7,81.1,8.3,8.4,16.4,16.3,8.5,16-05-2024,Yes
149,Aryan Kumar,BWU/BCA/21/043,69.1,6.4,5.9,9.6,10.8,7.4,62.2,2.6,5.4,7.2,7.7,1.8,55.6,6.5,4.6,13.8,10.9,5,51.2,4.6,4.6,4.6,8.1,2.9,21.3,4.3,3.5,7.2,4.8,3.8,31,3.9,3.6,7.8,4.6,0.8,,,,,,,,,,,,,26-06-2024,No
150,Ira Pal,BWU/BCA/19/044,44.7,4.8,5.9,13.1,10.7,4,34,4.5,6.7,8.9,9,3.6,46.8,5.3,4.5,6.8,9.4,3.7,35.7,6.1,4.8,8.8,6.5,4.8,53,4.1,6.4,8.1,8.9,3.8,36.1,3,2.4,6.7,6.4,4.7,,,,,,,,,,,,,16-06-2022,No
151,Sourav Bose,BWU/BCC/20/035,70.6,5,6.4,13.3,11.2,3.7,56.3,6.2,4.4,15.5,12.3,3.7,62.5,4.7,6.4,10.1,9.7,5.7,53.4,5.2,6.3,12.1,11,5.5,44.1,7.4,7.6,11.4,18,4.3,62.4,5,2.7,8.4,10.3,4.4,,,,,,,,,,,,,25-05-2023,No
152,Aisha Nair,BWU/BCC/20/036,33.4,4.9,3.8,7,5.8,3.3,26.8,4.1,3.2,6.8,8.9,2.6,42.4,2.3,2.4,2.7,8.7,2.4,31.7,4.1,2.9,8.4,7.4,1.5,39.3,3.9,4.5,9.6,6.6,4.4,26.8,1.3,0.4,2.7,8.8,1.7,,,,,,,,,,,,,18-06-2023,No
153,Ishaan Sharma,BWU/BTA/20/034,39.8,4.9,5.4,5.1,7.7,5.3,63.5,5.8,5.1,13.1,8.3,6.7,57.1,3.9,6.8,8.9,8.4,3.7,51.7,5.8,6.6,10,10,5.5,46.9,5.3,3.4,10.6,10.7,5.5,41.8,5,6.4,11.7,9.3,7.9,56.9,6.6,7.4,17.6,8.3,7.6,62.1,5.7,8.1,17,11.5,5,23-05-2024,No
154,Ishaan Malhotra,BWU/BTA/19/035,82.2,8.4,8.8,14.2,16.7,6.9,91.8,9.7,8,16.4,14.2,8.3,82.3,8.3,7,13.4,16.7,8.6,82.1,8.9,7.3,14.9,13.5,6.8,82.3,10,7.9,17,11.5,10,73.6,9.3,8.6,19.4,10.2,7.8,77.9,6.8,7.4,14.1,15.6,8.4,85.2,7.8,8.5,13,19.1,7.5,27-05-2023,Yes
155,Navya Halder,BWU/BTD/21/040,66.9,8.3,7.7,20,15.9,6.6,72.7,7.3,8.7,12.9,16.2,6.3,72.9,6.2,7.1,12.1,11.1,7.7,50.9,6.4,8.6,13.6,8,6.8,73.1,7,6.8,10,10,7.3,71.4,6.7,6.6,6.9,6.9,7.3,59.7,6.7,5.3,14.6,14.7,4.6,75.2,6.8,5.9,10.9,16,6.3,28-05-2025,No
156,Karan Adhikari,BWU/BTD/22/041,55.3,4.8,4.9,12.5,11.5,5.5,43.8,4.1,5.1,12.6,7.4,5.4,50.1,5.1,6,8.5,13.9,3.1,59.9,7.1,3,8.2,13.6,4.5,60.4,3.9,3.9,7.9,10.3,4.3,52.2,5.9,4.5,12,12.7,6.4,52.4,5.7,3.9,11.9,13.4,4.8,68.2,8.5,4.8,12.5,10.6,5.7,16-06-2026,No
157,Sourabh Sen,BWU/BCA/22/045,66.2,6.3,6.7,10.8,11.4,7.4,61.2,7.5,9.2,15.6,17.5,6.4,81.8,7.4,7.3,12.4,15.3,6.5,49.9,5.9,6,17,16.8,7.6,78.3,7.3,7.7,10.9,14.8,6.4,66.7,5.9,6.5,11.5,18.2,7,,,,,,,,,,,,,12/5/2025,Yes
158,Rahul Sharma,BWU/BTA/22/036,33.2,5.8,3.5,6,6.5,0.4,46.3,4,3.9,9.8,10,5.2,36.1,2.1,3.4,7.1,8.5,4.8,21.8,3.2,4.8,7.3,10,4.2,14.3,4.4,3.5,10,10.1,3.3,51,6.4,4.6,8.2,12.7,5.9,51,7.1,4.6,7.5,9,2.7,50.2,7.2,6.4,10.8,10.7,5.7,24-05-2026,No
159,Arjun Pal,BWU/BCC/20/037,66.2,5.6,6.4,17.9,11.4,4.4,67.3,5.2,8.3,14.3,14.6,8.1,66.1,8.2,5.2,12.5,15,8,70.5,6.7,5,16.4,14.6,5.1,81.2,7.3,6.3,14.4,12.5,5,67.4,4.9,7.6,15.4,14.3,6.3,,,,,,,,,,,,,26-06-2023,Yes
160,Aniket Yadav,BWU/BTD/22/042,65.2,8.1,7.4,12.6,15.4,7.3,60.3,8.7,7.1,14.5,13.1,5.3,85.1,8.9,7.1,14.1,16.2,10,82.2,7.3,9.4,15.5,10.4,6.8,82.4,6.5,6.2,11.9,16.6,8,72.3,6.9,9.9,17.3,16.5,6,77.4,9.3,8.9,17.1,17.9,8.3,69.2,6.6,10,15.8,13.8,8.4,13-05-2026,No
161,Manoj Malhotra,BWU/BTD/20/043,62.3,4.1,5.2,11.1,9.2,3.8,62,5.9,7.4,13.5,13,6.5,53.6,4.6,3.3,5.6,11,2.4,59.6,5,6.2,15.4,9.5,2.4,65,5,5.3,12.4,15.1,4.5,46.2,4.6,4.9,11.4,9,5.7,56.3,4.8,3.1,13.4,4.5,4.2,41.1,3.9,6.8,9.9,9.8,5.8,23-06-2024,Yes
162,Ravi Menon,BWU/BTA/21/037,57.6,5.1,3,11.1,12.7,4.1,50.2,3.8,4.2,8,12,6.1,57.4,5.4,2.5,10.4,7.6,5.2,66.3,1.6,5.3,9.4,11.1,5.8,46.6,6.5,5.1,14.4,15.5,2.6,51.2,6.1,4.4,15.4,7.5,7.1,57,5.6,6,7,10.1,7.4,53.5,4.1,6.3,6.5,11.9,2.5,21-05-2025,No
163,Dhruv Verma,BWU/BTA/19/038,75.3,7.5,6.7,18.6,17.3,8.4,56.1,5.7,5.5,10.6,11.9,5.5,70.9,6.7,8.7,14.4,11.4,6,50,5,5.1,12,6.5,4.2,62.3,6.2,5.7,14,16.7,6,64.6,5,8,15,12.1,5.2,59.3,5,4.6,12.5,12,5.6,57.7,5,5.2,14.3,9.9,8.1,19-06-2023,No
164,Dhruv Ghosh,BWU/BTA/21/039,39.1,3.7,3.9,9.2,5.2,5.2,41.6,5.5,5.3,9.9,9.7,5.8,37.1,5.2,2.7,7.2,9.9,4.8,38.7,2.4,4.2,5.5,9.2,3.2,23.1,5.5,3.9,8.8,8.2,4.5,23.7,3.3,3.2,6,7.2,4.9,35.3,3.6,3.1,7.7,11,2.8,32.9,3.3,5,4.6,2.9,3.2,19-06-2025,No
165,Aryan Mukherjee,BWU/BCC/21/038,90.9,8.6,9,9.9,17.8,7.4,92.1,7.5,7.6,13.1,14.2,6.9,77.6,9.5,7.1,13.3,14.2,8.8,71.6,8.1,5.3,14.5,14.8,6.8,65.5,6.1,7.3,10.9,13.4,7.2,78.1,6.6,6.8,17.6,12.4,5.4,,,,,,,,,,,,,13-06-2024,Yes
166,Karan Shah,BWU/BTA/20/040,71.3,7.4,7.5,17.2,20,9.7,82,7.7,9.6,10.6,14.3,10,88,10,7.4,17.8,10.9,6.5,85.2,6.4,7.1,16.7,14.9,8.4,76.2,6.4,7.5,15.1,16.1,7.1,68.9,7.4,9.3,17.1,18,8.7,76.4,8.4,8.5,15.2,16.1,8.2,86.4,8,7.6,18,11.8,4.4,12/5/2024,Yes
167,Karan Banerjee,BWU/BCC/19/039,61.9,5.9,5.4,8.5,16.1,8.6,50.2,5,3.2,12.9,11.3,4.8,55.9,5.5,6.6,11.7,14.4,7.4,65.1,7.9,6.2,10.9,8.1,5.6,54.3,4.8,6.3,4.7,12.2,2.9,78.6,6.8,7.1,13.7,16.7,5.3,,,,,,,,,,,,,14-06-2022,No
168,Reyansh Patel,BWU/BTA/22/041,34.3,1.9,3.6,5.8,5.8,6.8,49.7,5,2.9,6.8,3.9,5.4,29,4,3.7,5.5,2.3,3,56.2,3.9,3.8,5.9,5.8,6.3,28.5,2.7,3.9,7,8.7,2.2,38.9,4.9,3.7,2.6,10.7,3.1,42.3,4.8,4.5,6.4,6,3.2,29,3.4,3.4,9.1,9.7,3.3,25-05-2026,No
169,Meera Roy,BWU/BCC/21/040,49.7,4.2,6,13.4,11.2,5.2,49,6.9,6.6,8.4,15.8,6,55.4,5.6,4.8,13.8,11.2,6.6,39.1,6.2,4.3,9.8,8,3.7,41.9,4.5,2.8,9.1,14,4.5,63.6,4.5,4.4,12.7,9,4,,,,,,,,,,,,,14-06-2024,No
170,Sohom Biswas,BWU/BCC/19/041,46.5,4.9,6.7,12.5,4.7,4.8,51.4,5.2,4.4,11.9,9.7,6.9,38.5,4.3,3.7,7.4,8.8,3.7,38.2,6.4,2.6,8.2,13.3,2.3,56.5,5.8,6.1,14.9,11.9,6.9,70.4,6.1,5.1,8.5,9.8,5.4,,,,,,,,,,,,,10/5/2022,No
171,Arindam Bhattacharya,BWU/BTD/21/044,72.2,5.6,7.9,13.1,14.5,6.8,75.5,7.7,9.1,17,15.2,8.3,90.1,8.2,8.9,17.1,20,7.9,97.5,7.1,8.1,20,20,9.1,80.7,6,7.1,18.9,15,7.8,80.9,7.7,5.6,17.4,16.4,8.5,86.2,7.1,9.8,18.2,18.6,7.8,64.9,5.2,7.4,15.7,19.8,6.5,21-05-2025,Yes
172,Rohan Pandey,BWU/BCC/20/042,68.1,6.2,5.1,9.6,10.2,8.1,58,7.8,6.5,12.8,8.8,7,50.7,3.6,7.1,11.7,9.4,3.9,56.7,3.1,6.5,13.3,10.7,5.9,67.6,6.5,5.5,11.5,12.4,3.7,48.9,6.1,5.9,10.9,7.3,6.4,,,,,,,,,,,,,19-05-2023,Yes
173,Manoj Halder,BWU/BTA/21/042,59.3,9.4,8.2,14.9,17.6,7.9,69.6,5.4,6,15.1,8,5.6,92.1,6.9,8.9,16.9,16.4,5,79,8.3,10,13.9,14.3,8.1,72.8,7.1,5.3,16.6,15.2,5.5,82.2,8,8.5,14.4,14.3,7.5,79.4,8.7,7.1,18.4,16.3,7.2,71.9,9.3,6.3,15.3,20,8.4,20-05-2025,Yes
174,Debarati Dutta,BWU/BTD/21/045,48.1,2.3,5.7,6,8.9,2.5,51.1,4.8,9.2,8.7,10.7,5.3,35.5,6.7,0,9,7.8,6.3,55.4,3.7,8.7,9,6.6,4,43.1,5.3,4.4,12.5,8.9,4.2,52.9,5.4,2.2,7.9,8.5,4.5,37.1,5.8,3.3,8,8,4.2,42.9,6.1,4.5,9.6,14.2,4.8,15-05-2025,Yes
175,Reyansh Mondal,BWU/BTD/19/046,68.1,5.7,6.3,20,10.8,6.8,79.5,5.1,6.7,14,14.3,7.7,69.6,7.7,7.4,9.7,11.9,6.8,66,7.6,8.8,14.9,10,9.7,74.1,8.8,7.5,18.1,16.2,7.7,75.7,7.6,8.1,17.9,14.9,6,66.8,9,7.5,12.6,14,9.1,73.8,6.2,10,15.1,9.1,6.9,27-06-2023,Yes
176,Reyansh Halder,BWU/BCC/22/043,18.5,2.2,2.4,10.8,8.6,3.3,45.2,2.1,1.3,7.6,4.4,3.9,40.3,3.9,2.5,6.9,7.1,2.5,16.3,4.5,3.3,10.6,5.4,2.9,26,1.3,3.3,6.5,3.4,2.4,19.8,2.2,2.6,2.4,4.3,0.1,,,,,,,,,,,,,13-06-2025,No
177,Arjun Mehta,BWU/BTD/20/047,64.7,8.7,7.2,13,17.4,7.7,81.7,5.3,5.4,11.7,14.4,6.8,62.6,5.8,7.4,9.5,15.5,6.7,79.3,8.2,7.9,9.6,16.1,7.4,69.1,6.4,8.8,13.2,17,6,73.3,6.8,6.7,16.2,9.1,6,54.4,5.2,6.7,11.7,13.8,7.6,75.1,4.1,8.1,18.4,12.4,7,21-05-2024,Yes
178,Abir Mondal,BWU/BTA/21/043,65.4,6.5,7,15.7,16.3,7.7,67.4,6.5,6.6,15.9,11.6,7.2,80.4,6.7,7.1,20,13,8.3,82.6,9.3,6.7,16.4,14.6,8.7,73.3,7.3,6.6,17.6,18.3,6.5,68.4,8,7.7,13.4,17.2,7.2,78.5,7.6,7,13.1,16.7,7.9,72,5.1,6.4,10.2,10.2,6.6,17-06-2025,Yes
179,Neha Malhotra,BWU/BTA/22/044,76.7,9.2,5.1,16.9,11,7.6,65.3,6.7,7.6,16.4,13.9,8.2,56.7,4.5,6.4,13.4,14.4,6.4,56.7,7.3,6.2,15.7,13.1,7.2,83.5,7.3,6.3,16.7,14.1,7,54.2,6.3,7.5,14.7,11,4.1,53.9,4,5.3,10.7,12.5,2.7,59.7,5.5,6,9.9,10.8,7,23-06-2026,Yes
180,Ira Nair,BWU/BTD/21/048,91.2,7.4,8.5,15.6,20,8.1,93.7,8.9,8.6,14.1,20,8.1,85.7,8.1,9.3,17.6,10,7.8,76.4,8.1,7.3,17.9,18.7,7,83.1,8.5,9.4,13.2,13.7,8.1,77.1,7.9,8.2,13.3,13.1,9.9,82.9,6.9,6.2,18.7,19.5,6.3,87,7.7,6.4,20,17,5.7,28-05-2025,Yes
181,Myra Halder,BWU/BCA/21/046,45.1,6.2,5.5,5.2,6.2,2.9,35.5,4.6,3.7,12,5.7,4,47.8,6.8,4.2,9.1,7,4.6,41.8,2.8,3.5,8.3,7.6,4.7,38.2,3.3,3.8,11.3,6.9,5.1,50.6,3.3,5.6,5.5,11.8,5.1,,,,,,,,,,,,,19-06-2024,Yes
182,Ankita Halder,BWU/BCC/19/044,26.6,3,0.5,7,7.3,4.8,26.4,2.4,0.6,7.4,3.8,3.1,42.4,3.4,3.8,7.7,7.4,2.8,29.7,2.6,2.5,10.4,11.1,3.4,51.2,5.8,2.7,1.3,6,4.2,29.6,4.1,4.5,5.5,3.1,4.7,,,,,,,,,,,,,25-06-2022,No
183,Suresh Ghosh,BWU/BTA/22/045,82.1,9,7.8,17.4,19.5,6.9,85.9,8.3,8.4,17.5,13.9,7.4,57.5,6.7,9.3,16.4,11.7,6.5,80.3,9.1,6.8,16.1,18.3,8.9,72,7.8,8.4,16.6,12.5,7.9,76,5.9,7.1,19.4,17.5,6.2,76.8,8.4,4.1,19,17.7,8,86.5,7.4,8.5,15.8,13.6,8.1,20-06-2026,Yes
184,Sourav Rao,BWU/BCC/22/045,93.8,10,8.9,18,20,10,90.1,7.4,9.1,16.5,15.4,10,89.2,8.6,10,14.8,18.7,8.1,82.3,9.6,5.8,16.3,17.7,10,77.8,8.6,8.1,18.2,12.4,9.9,80.9,9.5,8.6,15,14.3,5.4,,,,,,,,,,,,,18-06-2025,Yes
185,Barsha Verma,BWU/BCC/22/046,40.4,5.1,4.7,15.2,10.9,6.1,53.6,4.6,3,12.5,13.5,5.7,47.6,1.3,3.7,10.4,12.5,6.9,49.2,3.7,3.9,3.8,3.9,3,30.5,1.4,4.6,6,5.7,3.9,38.6,3.4,3,8.5,8.8,5.3,,,,,,,,,,,,,10/5/2025,No
186,Anirban Bhattacharya,BWU/BTD/22/049,88.3,9.2,8,20,18.9,8.8,91.2,6.7,9.6,20,17.3,7.8,83.5,6,7.4,12.8,13.5,8.2,96.9,6.7,9.8,17.1,19,9.6,86.4,9.2,8.3,19.8,18.4,7.5,85.4,10,10,18,18.5,6.1,77.5,9.5,8.4,15.7,14,10,85,8.7,10,18.3,19.5,8.7,25-05-2026,Yes
187,Debarati Reddy,BWU/BCA/22/047,45.6,2.6,6.2,10,10.8,2.9,53.2,6.1,5.8,12.7,10.1,3.7,26.7,2.7,1.6,4.9,7.1,3.1,22,3.1,5.7,7.4,6.6,5.8,35,2.8,4.1,4.4,5.8,4,31.6,5,3,4.1,10.1,3,,,,,,,,,,,,,14-05-2025,No
188,Kabir Adhikari,BWU/BTA/21/046,43.2,3.9,4.6,6.3,9.3,4.3,41.1,3.8,5.6,8.9,5.6,2.7,25.1,4,2.9,2.2,5.1,1.7,20.4,3.9,3.7,6.8,5.4,3.7,30,0.7,1.4,6,7.5,3.1,23.4,3.7,5,7.1,4.4,2.2,31.3,2.9,5.6,6.5,9.4,4.7,42.6,2.5,4.9,5,7.8,1.7,18-05-2025,No
189,Subhro Mukherjee,BWU/BTA/22/047,48.2,4.5,4.2,12.4,6.1,5.8,40.7,4.2,3.4,10.4,12,4.5,39.2,4.5,6.3,5.6,6.5,3.5,37.6,4.7,3.4,8.4,10.5,1.2,34.8,3.3,3,4.2,12.3,3,42.3,1.9,3.4,7.7,7.2,4.3,32.8,4.6,2.1,6.4,8.7,2.6,39,4.2,4.2,9.1,7.2,5.9,21-05-2026,No
190,Saanvi Das,BWU/BTD/20/050,29.6,3.9,5.3,6.4,7.3,5.8,35.1,3.3,4.4,11.4,10.4,6.6,42.2,3.4,2.8,15.3,15.6,6.6,33.3,7.1,4.6,8.2,12,5.9,31.4,3.7,3.8,8.8,6,4.9,38.7,4.7,3.2,4.5,9.4,2.5,45.3,3.5,3.6,5.8,12,3.4,48.1,5.2,4.1,9.3,9.4,1.3,13-06-2024,No
191,Aditya Reddy,BWU/BTA/19/048,32.3,2.4,4.6,4.8,6.9,2.8,33.1,6,5.3,11.9,4.8,3.9,49.1,2.8,5.2,7.5,8,0.8,51.2,5,3,7.6,8,2.7,35.4,2,2.6,4.5,5.9,3.6,24.9,4.7,3.9,5.4,3.2,2.5,35.9,3.1,4.2,9,8.8,5.1,49.2,2.4,1.6,4.7,6.5,5.2,20-06-2023,No
192,Rahul Yadav,BWU/BCC/20/047,20.5,4,0.9,8.8,7.9,4.4,34.6,2.9,3.8,9.3,5.9,1.8,20.7,3.9,2.5,5.1,0,0,28.1,4.6,3.2,7.1,10.4,3.1,34.5,5.8,5.7,6.3,4,3.6,42,2.9,6.4,11.8,14.4,5.5,,,,,,,,,,,,,12/6/2023,No
193,Anika Bhattacharya,BWU/BCC/22/048,70.7,8.6,6.9,16.9,16.5,5.8,78.9,8.5,7.5,14.8,18.5,7.8,57.5,8,7.3,13.7,16.4,7.6,67,4.8,6.3,12.9,9,6.7,75.6,7.7,4.9,11,16.6,5.1,66.6,7.3,7.6,15.6,16,5.2,,,,,,,,,,,,,15-05-2025,Yes
194,Priya Malhotra,BWU/BTA/21/049,98.8,9.5,7.5,16.8,16.6,9.4,77.3,6.8,5.8,11,12.1,7.8,86.9,9.7,7.9,18.7,18.5,8.3,73.1,7.1,8.4,15.8,12.1,8.6,79.8,10,9.6,18,16.6,10,98.7,8.5,4.6,14.3,19.1,9.1,100,10,8.7,20,20,8.2,100,10,10,20,19,8.7,14-05-2025,Yes
195,Yash Banerjee,BWU/BCA/22/048,27.3,4.8,1.8,5.4,6.9,4.1,32.6,3.9,3.3,7.9,4.2,3.1,12.4,3.3,2.8,4,5,2.8,33.7,2.2,3.9,11.4,6.9,3.9,19.2,3.2,3,5.6,4.3,3.8,33,3.1,1.4,3.8,2.5,3.1,,,,,,,,,,,,,20-05-2025,No
196,Abir Das,BWU/BCC/20/049,54.4,5.4,7.3,12.1,15.3,4.9,54.6,3.6,4.2,10.4,2.3,5,62.2,8,5.7,15.3,12,8.1,69.1,5,7.4,8.4,11.8,7.5,66.9,6.8,7.8,11.5,11.7,6.7,51,8.3,7.6,10.5,15.8,6.6,,,,,,,,,,,,,17-05-2023,Yes
197,Pritam Adhikari,BWU/BCA/22/049,61.2,7.2,7.4,14,9.2,7.8,79,9.3,8.5,13.2,14.6,4.8,91.1,4.9,7.7,14.1,15.8,6.7,78.4,6.6,6.8,16.9,12.1,8.9,76.3,5.1,8.2,17.1,12.2,8.3,80.1,9.5,7.4,17.7,13.4,9.6,,,,,,,,,,,,,27-06-2025,Yes
198,Pritam Joshi,BWU/BCA/19/050,56.2,3.1,3.5,8.5,16,5.3,61.9,4.6,4,13.1,9.5,5.3,54.5,7.2,5.1,12.8,6.9,6.4,82.1,7,5,16.8,12.1,5.8,51.1,6.2,4.1,10.5,7.2,5,56.1,6.3,3.6,10.8,8.2,7.1,,,,,,,,,,,,,16-06-2022,Yes
199,Anirban Mondal,BWU/BCC/21/050,43,4.9,4.6,11.7,11.5,3.8,64.4,5.9,6.7,9.5,13.7,5.6,60.8,6.5,3.9,8.5,12,4.6,28.8,3.6,5.1,6.7,11.2,2.6,75.4,3.7,4.2,13.2,8.9,5.7,43.8,6.7,5.8,8.3,15.1,6.7,,,,,,,,,,,,,24-06-2024,No
200,Rajarshi Verma,BWU/BCC/21/051,63.8,5.9,5,12.5,12.3,7.6,65.3,4.7,4,9.4,10.4,7.5,63.3,7.2,5.7,12.6,14.4,5.8,57.8,4,6.2,12.9,15.8,7,67.4,8.2,6.6,19.8,14.5,8.1,89,5.5,8.4,13.3,17.1,7.5,,,,,,,,,,,,,11/6/2024,Yes
